month,current_customers,repeat_customers,next_month_repeat_rate
2010-12,884,323,0.36538461538461536
2011-01,739,260,0.35182679296346414
2011-02,757,290,0.38309114927344784
2011-03,973,301,0.30935251798561153
2011-04,853,366,0.42907385697538103
2011-05,1054,410,0.3889943074003795
2011-06,990,365,0.3686868686868687
2011-07,946,386,0.4080338266384778
2011-08,933,423,0.4533762057877814
2011-09,1259,487,0.3868149324861001
2011-10,1361,616,0.45260837619397504
2011-11,1660,370,0.22289156626506024
